,KoDF,RVF,TIMIT
xception_rgb_KoDF,0.999823,0.483009,1.000000
xception_rgb_RVF,0.464425,0.973368,0.019414
xception_rgb_TIMIT,0.575487,0.755966,1.000000
