,KoDF,RVF,TIMIT
xception_rgb_KoDF,0.990585,0.337962,0.332268
xception_rgb_RVF,0.315113,0.906549,0.325806
xception_rgb_TIMIT,0.346626,0.480539,1.000000
