,KoDF,RVF,TIMIT
xception_rgb_KoDF,0.990610,0.493333,0.497608
xception_rgb_RVF,0.460094,0.906667,0.483254
xception_rgb_TIMIT,0.530516,0.560000,1.000000
